,tau,RSA,Stau,n
0,0.0969540780474196,31.92247705255332,5.401911727526807,27
1,0.2590570078484715,15.2547749315504,6.706295782016849,18
2,0.35858441680960634,10.687169797713851,6.5172383396790465,19
3,0.4847436380180771,8.969592360679233,7.695403562827976,14
4,0.5991354106261542,8.42027105778054,9.890207923325619,9
5,0.7269240354705095,6.7036985589121345,14.239533791553939,5
6,0.8701017369785505,7.081785270660944,20.592788324559034,3
