,tau,RSA,Stau,n
0,23.651217600895045,0.1282308402521675,5.847934512893807,4
1,14.406293935842115,0.28981789983019396,5.020467835129202,5
2,12.112351914758497,0.3937527547711699,3.4852649265185596,9
3,11.905770225767647,0.4953692990447667,2.954165701307317,12
4,10.95395562179339,0.6108705502317959,3.2793193843115795,10
5,9.72527652356365,0.7156014842023477,5.038247107152092,5
6,9.46337135184648,0.8996851094155525,10.369571267815141,2
