,tau,RSA,Stau,n
0,0.1282308402521675,23.651217600895045,5.847934512893807,4
1,0.28981789983019396,14.406293935842115,5.020467835129202,5
2,0.3937527547711699,12.112351914758497,3.4852649265185596,9
3,0.4953692990447667,11.905770225767647,2.954165701307317,12
4,0.6108705502317959,10.95395562179339,3.2793193843115795,10
5,0.7156014842023477,9.72527652356365,5.038247107152092,5
6,0.8996851094155525,9.46337135184648,10.369571267815141,2
