,tau,RSA,Stau,n
0,26.559774060969186,0.13904743275399933,10.36885456222037,2
1,18.675666408661698,0.23670093083785754,10.368311822556151,2
2,19.176250992511612,0.3913379764036159,5.016418654894683,5
3,17.068326039049353,0.5076692649627957,3.4931496612013584,9
4,14.299247005983972,0.6177584370868254,3.7401160800786215,8
5,11.525943951167807,0.7400542638063202,5.023993563733066,5
6,11.983215953514911,0.8296578796747817,10.38063131744607,2
