,"('tau', 'RSA', 'Stau', 'n', 'electro')"
0,"[28.6965635  26.88562908 22.34191174 18.89798972 12.26605903 10.46971255
  9.23661528]"
1,"[0.2191667  0.23305285 0.42309074 0.49698475 0.63362376 0.73305818
 0.81171576]"
2,"[15.34411012 11.61728854  6.28994571  4.99860529  6.29005232  8.33925757
 25.39118487]"
3,[ 3  4  9 13  9  6  2]
4,bbbbbbb
