,tau,RSA,Stau,n
0,32.96948256439809,0.09044027096276411,7.130638824676369,15
1,17.67582992184153,0.23550448682051636,8.955301654742692,10
2,11.123038210836402,0.35737689382740584,10.207139957966621,8
3,12.96621460837881,0.4571114840872311,15.973334348128802,4
4,13.85116381676163,0.5829813962096491,28.321700570624767,2
5,8.806833484506775,0.7710735292809395,19.818713816248625,3
6,7.544642877170797,0.8655802823075689,19.8158369314931,3
