,tau,RSA,Stau,n
0,0.1742737563859617,26.270707748671786,5.559853812562198,13
1,0.23034190114259095,24.393143109075226,4.9577298917567685,16
2,0.38560441702906956,17.93646479009792,6.106961317074272,11
3,0.5042784749166831,10.052244079190391,5.813550829735414,12
4,0.6026713246490614,9.745448031094677,7.3515606171825025,8
5,0.7337821979806322,7.205056540108952,14.276375714049514,3
6,0.7709656474746276,8.551687460302476,49.53662638770522,1
