,"('tau', 'RSA', 'Stau', 'n', 'electro')"
0,"[43.3710091  40.71924615 38.4895725  26.40464973 24.57613534 19.84156077
 15.9057361 ]"
1,"[0.19896967 0.2934753  0.33182449 0.53843356 0.61702298 0.74983935
 0.8282904 ]"
2,"[ 41.76063845  10.34958533  11.19259145  15.78483469  13.71164935
  25.21994391 174.42508213]"
3,[2 9 8 5 6 3 1]
4,rrrrrrr
