,tau,RSA,Stau,n
0,0.2191666968760111,28.696563498844863,8.530367980188556,3
1,0.23305284570572588,26.885629079750064,6.889463419393895,4
2,0.4230907449001118,22.34191174244104,4.09401613658066,9
3,0.49698474772679657,18.897989721449626,3.3194914615364586,13
4,0.6336237649429973,12.266059026084706,4.094085523041645,9
5,0.7330581814682873,10.469712545581574,5.241140011718937,6
6,0.8117157564324846,9.23661527903427,12.18330621291688,2
