,"('tau', 'RSA', 'Stau', 'n', 'electro')"
0,"[31.92247705 15.25477493 10.6871698   8.96959236  8.42027106  6.70369856
  7.08178527]"
1,"[0.09695408 0.25905701 0.35858442 0.48474364 0.59913541 0.72692404
 0.87010174]"
2,"[ 7.95709223  9.97821913  9.68134745 11.55186253 15.19507223 23.17065016
 37.04154527]"
3,[27 18 19 14  9  5  3]
4,whitewhitewhitewhitewhitewhitewhite
