,tau,RSA,Stau,n
0,0.19896967165938045,43.37100910149377,20.037766988849146,2
1,0.29347530040908,40.71924614890674,6.736364871774549,9
2,0.3318244919878675,38.48957249687685,7.223584433098446,8
3,0.538433560991914,26.404649734639367,9.700577477235072,5
4,0.6170229795746577,24.576135341470334,8.617634534960382,6
5,0.749839348924657,19.841560771094546,14.020715463964294,3
6,0.8282903987456133,15.905736099816746,48.67422671001932,1
