,"('tau', 'RSA', 'Stau', 'n', 'electro')"
0,"[26.27070775 24.39314311 17.93646479 10.05224408  9.74544803  7.20505654
  8.55168746]"
1,"[0.17427376 0.2303419  0.38560442 0.50427847 0.60267132 0.7337822
 0.77096565]"
2,"[  8.37222056   7.4050008    9.27067989   8.78652509  11.3908843
  25.67981611 177.51550893]"
3,[13 16 11 12  8  3  1]
4,ggggggg
