,tau,RSA,Stau,n
0,0.13904743275399933,26.559774060969186,10.36885456222037,2
1,0.23670093083785754,18.675666408661698,10.368311822556151,2
2,0.3913379764036159,19.176250992511612,5.016418654894683,5
3,0.5076692649627957,17.068326039049353,3.4931496612013584,9
4,0.6177584370868254,14.299247005983972,3.7401160800786215,8
5,0.7400542638063202,11.525943951167807,5.023993563733066,5
6,0.8296578796747817,11.983215953514911,10.38063131744607,2
