,tau,RSA,Stau,n
0,0.22488359461493668,80.39440487638745,27.30266989418831,2
1,0.27964735937187635,55.07451116912223,13.21403720489727,5
2,0.35786811614705016,32.09641123769329,13.21314365252477,5
3,0.516353744794589,21.611050799234217,11.741718453301683,6
4,0.6444633833537114,20.174647378512525,8.63433403376101,10
5,0.7166998522101364,20.26558760572965,9.841830117657496,8
6,0.7731082399028836,22.073110880243515,27.30335525696761,2
