,tau,RSA,Stau,n
0,80.39440487638745,0.22488359461493668,27.30266989418831,2
1,55.07451116912223,0.27964735937187635,13.21403720489727,5
2,32.09641123769329,0.35786811614705016,13.21314365252477,5
3,21.611050799234217,0.516353744794589,11.741718453301683,6
4,20.174647378512525,0.6444633833537114,8.63433403376101,10
5,20.26558760572965,0.7166998522101364,9.841830117657496,8
6,22.073110880243515,0.7731082399028836,27.30335525696761,2
