,tau,RSA,Stau,n
0,0.09044027096276411,32.96948256439809,7.130638824676369,15
1,0.23550448682051636,17.67582992184153,8.955301654742692,10
2,0.35737689382740584,11.123038210836402,10.207139957966621,8
3,0.4571114840872311,12.96621460837881,15.973334348128802,4
4,0.5829813962096491,13.85116381676163,28.321700570624767,2
5,0.7710735292809395,8.806833484506775,19.818713816248625,3
6,0.8655802823075689,7.544642877170797,19.8158369314931,3
